match_id,team1,team2,gender,season,date,event,match_number,venue,city,toss_winner,toss_decision,player_of_match,umpire,umpire,reserve_umpire,tv_umpire,match_referee,result,winner_by_runs,winner_by_wicket
936153,South Africa,Sri Lanka,male,2016/17,42755,Sri Lanka in South Africa T20I Series,1,SuperSport Park,Centurion,Sri Lanka,field,L Ngidi,S George,AT Holdstock,A Paleker,BP Jele,RB Richardson,South Africa,19,0
936155,South Africa,Sri Lanka,male,2016/17,42757,Sri Lanka in South Africa T20I Series,2,New Wanderers Stadium,Johannesburg,South Africa,bat,AD Mathews,AT Holdstock,BP Jele,A Paleker,S George,RB Richardson,Sri Lanka,0,3
936157,South Africa,Sri Lanka,male,2016/17,42760,Sri Lanka in South Africa T20I Series,3,Newlands,Cape Town,South Africa,bat,N Dickwella,S George,BP Jele,A Paleker,AT Holdstock,RB Richardson,Sri Lanka,0,5
951321,Afghanistan,Zimbabwe,male,2015/16,42441,World T20,9,"Vidarbha Cricket Association Stadium, Jamtha",Nagpur,Afghanistan,bat,Mohammad Nabi,Aleem Dar,RK Illingworth,M Erasmus,IJ Gould,J Srinath,Afghanistan,59,0
951329,India,New Zealand,male,2015/16,42444,World T20,13,"Vidarbha Cricket Association Stadium, Jamtha",Nagpur,New Zealand,bat,MJ Santner,HDPK Dharmasena,RK Illingworth,NJ Llong,M Erasmus,RS Madugalle,New Zealand,47,0
951331,England,West Indies,male,2015/16,42445,World T20,15,Wankhede Stadium,Mumbai,West Indies,field,CH Gayle,CB Gaffaney,RJ Tucker,S Ravi,PR Reiffel,DC Boon,West Indies,0,6
951333,Bangladesh,Pakistan,male,2015/16,42445,World T20,14,Eden Gardens,Kolkata,Pakistan,bat,Shahid Afridi,IJ Gould,RA Kettleborough,Aleem Dar,JS Wilson,BC Broad,Pakistan,55,0
951335,Afghanistan,Sri Lanka,male,2015/16,42446,World T20,16,Eden Gardens,Kolkata,Afghanistan,bat,TM Dilshan,BNJ Oxenford,JS Wilson,IJ Gould,RA Kettleborough,BC Broad,Sri Lanka,0,6
951337,Australia,New Zealand,male,2015/16,42447,World T20,17,Himachal Pradesh Cricket Association Stadium,Dharamsala,New Zealand,bat,MJ McClenaghan,M Erasmus,NJ Llong,HDPK Dharmasena,RK Illingworth,RS Madugalle,New Zealand,8,0
951339,England,South Africa,male,2015/16,42447,World T20,18,Wankhede Stadium,Mumbai,England,field,JE Root,S Ravi,PR Reiffel,CB Gaffaney,RJ Tucker,DC Boon,England,0,2
951341,India,Pakistan,male,2015/16,42448,World T20,19,Eden Gardens,Kolkata,India,field,V Kohli,IJ Gould,RA Kettleborough,JS Wilson,BNJ Oxenford,BC Broad,India,0,6
951343,Afghanistan,South Africa,male,2015/16,42449,World T20,20,Wankhede Stadium,Mumbai,South Africa,bat,CH Morris,CB Gaffaney,PR Reiffel,RJ Tucker,S Ravi,DC Boon,South Africa,37,0
951345,Sri Lanka,West Indies,male,2015/16,42449,World T20,21,M Chinnaswamy Stadium,Bangalore,West Indies,field,ADS Fletcher,Aleem Dar,JD Cloete,IJ Gould,SD Fry,JJ Crowe,West Indies,0,7
951347,Australia,Bangladesh,male,2015/16,42450,World T20,22,M Chinnaswamy Stadium,Bangalore,Australia,field,A Zampa,IJ Gould,RA Kettleborough,BNJ Oxenford,Aleem Dar,BC Broad,Australia,0,3
951349,New Zealand,Pakistan,male,2015/16,42451,World T20,23,"Punjab Cricket Association IS Bindra Stadium, Mohali",Chandigarh,New Zealand,bat,MJ Guptill,RK Illingworth,NJ Llong,M Erasmus,HDPK Dharmasena,RS Madugalle,New Zealand,22,0
951351,Afghanistan,England,male,2015/16,42452,World T20,24,Feroz Shah Kotla,Delhi,England,bat,MM Ali,S Ravi,RJ Tucker,PR Reiffel,CB Gaffaney,DC Boon,England,15,0
951353,India,Bangladesh,male,2015/16,42452,World T20,25,M Chinnaswamy Stadium,Bangalore,Bangladesh,field,R Ashwin,Aleem Dar,BNJ Oxenford,RA Kettleborough,IJ Gould,BC Broad,India,1,0
951355,Australia,Pakistan,male,2015/16,42454,World T20,26,"Punjab Cricket Association IS Bindra Stadium, Mohali",Chandigarh,Australia,bat,JP Faulkner,HDPK Dharmasena,M Erasmus,NJ Llong,RK Illingworth,RS Madugalle,Australia,21,0
951357,South Africa,West Indies,male,2015/16,42454,World T20,27,"Vidarbha Cricket Association Stadium, Jamtha",Nagpur,West Indies,field,MN Samuels,IJ Gould,RA Kettleborough,Aleem Dar,BNJ Oxenford,BC Broad,West Indies,0,3
951359,Bangladesh,New Zealand,male,2015/16,42455,World T20,28,Eden Gardens,Kolkata,New Zealand,bat,KS Williamson,JD Cloete,MA Gough,VA Kulkarni,RSA Palliyaguruge,AJ Pycroft,New Zealand,75,0
951361,England,Sri Lanka,male,2015/16,42455,World T20,29,Feroz Shah Kotla,Delhi,Sri Lanka,field,JC Buttler,PR Reiffel,RJ Tucker,S Ravi,CB Gaffaney,JJ Crowe,England,10,0
951363,India,Australia,male,2015/16,42456,World T20,31,"Punjab Cricket Association IS Bindra Stadium, Mohali",Chandigarh,Australia,bat,V Kohli,HDPK Dharmasena,M Erasmus,NJ Llong,RK Illingworth,RS Madugalle,India,0,6
951365,Afghanistan,West Indies,male,2015/16,42456,World T20,30,"Vidarbha Cricket Association Stadium, Jamtha",Nagpur,West Indies,field,Najibullah Zadran,Aleem Dar,BNJ Oxenford,IJ Gould,RA Kettleborough,BC Broad,Afghanistan,6,0
951367,South Africa,Sri Lanka,male,2015/16,42457,World T20,32,Feroz Shah Kotla,Delhi,South Africa,field,AM Phangiso,S Ravi,RJ Tucker,CB Gaffaney,PR Reiffel,JJ Crowe,South Africa,0,8
951369,England,New Zealand,male,2015/16,42459,World T20,0,Feroz Shah Kotla,Delhi,England,field,JJ Roy,HDPK Dharmasena,RJ Tucker,JS Wilson,BNJ Oxenford,DC Boon,England,0,7
951371,India,West Indies,male,2015/16,42460,World T20,0,Wankhede Stadium,Mumbai,West Indies,field,LMP Simmons,IJ Gould,RA Kettleborough,MA Gough,M Erasmus,BC Broad,West Indies,0,7
951373,England,West Indies,male,2015/16,42463,World T20,0,Eden Gardens,Kolkata,West Indies,field,MN Samuels,HDPK Dharmasena,RJ Tucker,BNJ Oxenford,M Erasmus,RS Madugalle,West Indies,0,4
995467,Sri Lanka,Australia,male,2016,42619,Australia in Sri Lanka T20I Series,1,Pallekele International Cricket Stadium,0,Sri Lanka,field,GJ Maxwell,REJ Martinesz,RR Wimalasiri,ID Gunawardene,RSA Palliyaguruge,J Srinath,Australia,85,0
995469,Sri Lanka,Australia,male,2016,42622,Australia in Sri Lanka T20I Series,2,R Premadasa Stadium,Colombo,Sri Lanka,bat,GJ Maxwell,REJ Martinesz,RSA Palliyaguruge,LE Hannibal,RR Wimalasiri,J Srinath,Australia,0,4
1001349,Australia,Sri Lanka,male,2016/17,42783,Sri Lanka in Australia T20I Series,1,Melbourne Cricket Ground,0,Sri Lanka,field,DAS Gunaratne,MD Martell,P Wilson,MW Graham-Smith,SJ Nogajski,JJ Crowe,Sri Lanka,0,5
1001351,Australia,Sri Lanka,male,2016/17,42785,Sri Lanka in Australia T20I Series,2,"Simonds Stadium, South Geelong",Victoria,Sri Lanka,field,DAS Gunaratne,SD Fry,SJ Nogajski,MW Graham-Smith,P Wilson,JJ Crowe,Sri Lanka,0,2
1001353,Australia,Sri Lanka,male,2016/17,42788,Sri Lanka in Australia T20I Series,3,Adelaide Oval,0,Sri Lanka,field,A Zampa,MD Martell,P Wilson,MW Graham-Smith,SD Fry,JJ Crowe,Australia,41,0
1007655,Zimbabwe,India,male,2016,42539,India in Zimbabwe T20I Series,1,Harare Sports Club,0,India,field,E Chigumbura,TJ Matibiri,RB Tiffin,S Rwaziyeni,L Rusere,RB Richardson,Zimbabwe,2,0
1007657,Zimbabwe,India,male,2016,42541,India in Zimbabwe T20I Series,2,Harare Sports Club,0,Zimbabwe,bat,BB Sran,L Rusere,RB Tiffin,O Chirombe,TJ Matibiri,RB Richardson,India,0,10
1007659,Zimbabwe,India,male,2016,42543,India in Zimbabwe T20I Series,3,Harare Sports Club,0,Zimbabwe,field,KM Jadhav,TJ Matibiri,RB Tiffin,I Chabi,L Rusere,RB Richardson,India,3,0
1019979,New Zealand,Bangladesh,male,2016/17,42738,Bangladesh in New Zealand T20I Series,1,McLean Park,Napier,Bangladesh,bat,KS Williamson,SB Haig,WR Knights,AL Gillies,CM Brown,BC Broad,New Zealand,0,6
1019981,New Zealand,Bangladesh,male,2016/17,42741,Bangladesh in New Zealand T20I Series,2,Bay Oval,Mount Maunganui,Bangladesh,field,C Munro,CM Brown,SB Haig,AL Gillies,WR Knights,BC Broad,New Zealand,47,0
1019983,New Zealand,Bangladesh,male,2016/17,42743,Bangladesh in New Zealand T20I Series,3,Bay Oval,Mount Maunganui,Bangladesh,field,CJ Anderson,CM Brown,WR Knights,AL Gillies,SB Haig,BC Broad,New Zealand,27,0
1020029,New Zealand,South Africa,male,2016/17,42783,0,0,Eden Park,Auckland,New Zealand,field,Imran Tahir,CM Brown,WR Knights,AL Gillies,SB Haig,J Srinath,South Africa,78,0
1031431,England,South Africa,male,2017,42907,South Africa in England T20I Series,1,The Rose Bowl,Southampton,South Africa,bat,JM Bairstow,RJ Bailey,RT Robinson,PJ Hartley,MA Gough,AJ Pycroft,England,0,9
1031433,England,South Africa,male,2017,42909,South Africa in England T20I Series,2,County Ground,Taunton,England,field,CH Morris,RJ Bailey,MA Gough,JW Lloyds,RT Robinson,AJ Pycroft,South Africa,3,0
1031435,England,South Africa,male,2017,42911,South Africa in England T20I Series,3,Sophia Gardens,Cardiff,South Africa,field,DJ Malan,MA Gough,RT Robinson,DJ Millns,RJ Bailey,AJ Pycroft,England,19,0
1031665,West Indies,England,male,2017,42994,West Indies tour of England,0,Riverside Ground,Chester-le-Street,England,field,SP Narine,RT Robinson,MA Gough,AG Wharf,RJ Bailey,J Srinath,West Indies,21,0
1034825,India,England,male,2016/17,42761,England in India T20I Series,1,Green Park,Kanpur,England,field,MM Ali,AK Chaudhary,Nitin Menon,AY Dandekar,CK Nandan,AJ Pycroft,England,0,7
1034827,India,England,male,2016/17,42764,England in India T20I Series,2,"Vidarbha Cricket Association Stadium, Jamtha",Nagpur,England,field,JJ Bumrah,AK Chaudhary,C Shamshuddin,AY Dandekar,Nitin Menon,AJ Pycroft,India,5,0
1034829,India,England,male,2016/17,42767,England in India T20I Series,3,M Chinnaswamy Stadium,Bangalore,England,field,YS Chahal,AK Chaudhary,Nitin Menon,CK Nandan,C Shamshuddin,AJ Pycroft,India,75,0
1040485,Afghanistan,Ireland,male,2016/17,42802,Afghanistan v Ireland T20I Series,1,Greater Noida Sports Complex Ground,Greater Noida,Ireland,bat,Samiullah Shenwari,Ahmed Shah Durrani,Ahmed Shah Pakteen,Bismillah Shinwari,CK Nandan,GF Labrooy,Afghanistan,0,6
1040489,Afghanistan,Ireland,male,2016/17,42806,Afghanistan v Ireland T20I Series,3,Greater Noida Sports Complex Ground,Greater Noida,Ireland,field,Mohammad Nabi,Ahmed Shah Durrani,Ahmed Shah Pakteen,Bismillah Shinwari,CK Nandan,GF Labrooy,Afghanistan,28,0
1041615,India,West Indies,male,2016,42609,West Indies v India T20I Series,1,Central Broward Regional Park Stadium Turf Ground,Lauderhill,India,field,E Lewis,N Duguid,JS Wilson,PA Gustard,LS Reifer,RS Madugalle,West Indies,1,0
1050217,Pakistan,West Indies,male,2016/17,42636,Pakistan v West Indies T20I Series,1,Dubai International Cricket Stadium,0,Pakistan,field,Imad Wasim,Ahsan Raza,Shozab Raza,Khalid Mahmood,Ahmed Shahab,AJ Pycroft,Pakistan,0,9
1050219,Pakistan,West Indies,male,2016/17,42637,Pakistan v West Indies T20I Series,2,Dubai International Cricket Stadium,0,West Indies,field,Sarfraz Ahmed,Ahmed Shahab,Shozab Raza,Khalid Mahmood,Ahsan Raza,AJ Pycroft,Pakistan,16,0
1050221,Pakistan,West Indies,male,2016/17,42640,Pakistan v West Indies T20I Series,3,Sheikh Zayed Stadium,Abu Dhabi,Pakistan,field,Imad Wasim,Ahsan Raza,Shozab Raza,Khalid Mahmood,Ahmed Shahab,AJ Pycroft,Pakistan,0,8
1072317,England,Australia,male,2017/18,43138,Trans-Tasman Twenty20 Trophy,2,Bellerive Oval,Hobart,Australia,field,GJ Maxwell,GA Abood,SD Fry,SJ Nogajski,CM Brown,J Srinath,Australia,0,5
1072318,England,Australia,male,2017/18,43141,Trans-Tasman Twenty20 Trophy,3,Melbourne Cricket Ground,0,Australia,field,KW Richardson,CM Brown,SJ Nogajski,GA Abood,SD Fry,J Srinath,Australia,0,7
1072319,New Zealand,England,male,2017/18,43144,Trans-Tasman Twenty20 Trophy,4,Westpac Stadium,Wellington,England,field,KS Williamson,SB Haig,WR Knights,CM Brown,P Wilson,J Srinath,New Zealand,12,0
1072320,New Zealand,Australia,male,2017/18,43147,Trans-Tasman Twenty20 Trophy,5,Eden Park,Auckland,New Zealand,bat,DJM Short,P Wilson,SB Haig,CM Brown,WR Knights,J Srinath,Australia,0,5
1072321,England,New Zealand,male,2017/18,43149,Trans-Tasman Twenty20 Trophy,6,Seddon Park,Hamilton,New Zealand,field,EJG Morgan,CM Brown,P Wilson,WR Knights,SB Haig,J Srinath,England,2,0
1074971,Afghanistan,Ireland,male,2016/17,42755,Desert T20 Challenge,0,Dubai International Cricket Stadium,0,Ireland,bat,Mohammad Nabi,BB Pradhan,Tabarak Dar,DT Jukes,0,0,Afghanistan,0,10
1075507,South Africa,Bangladesh,male,2017/18,43034,Bangladesh tour of South Africa,1,Mangaung Oval,Bloemfontein,South Africa,bat,AB de Villiers,AT Holdstock,S George,A Paleker,BP Jele,RS Madugalle,South Africa,20,0
1075508,South Africa,Bangladesh,male,2017/18,43037,Bangladesh tour of South Africa,2,Senwes Park,Potchefstroom,Bangladesh,field,DA Miller,BP Jele,S George,A Paleker,AT Holdstock,RS Madugalle,South Africa,83,0
1077947,West Indies,Pakistan,male,2017,42820,Pakistan in West Indies T20I Series,1,"Kensington Oval, Bridgetown",Barbados,Pakistan,field,Shadab Khan,GO Brathwaite,JS Wilson,LS Reifer,N Duguid,JJ Crowe,Pakistan,0,6
1077948,West Indies,Pakistan,male,2017,42824,Pakistan in West Indies T20I Series,2,"Queen's Park Oval, Port of Spain",Trinidad,West Indies,field,Shadab Khan,N Duguid,JS Wilson,LS Reifer,GO Brathwaite,JJ Crowe,Pakistan,3,0
1083449,Sri Lanka,Bangladesh,male,2016/17,42829,Bangladesh in Sri Lanka T20I Series,1,R Premadasa Stadium,Colombo,Bangladesh,bat,MDKJ Perera,REJ Martinesz,RR Wimalasiri,ID Gunawardene,RSA Palliyaguruge,AJ Pycroft,Sri Lanka,0,6
1083450,Sri Lanka,Bangladesh,male,2016/17,42831,Bangladesh in Sri Lanka T20I Series,2,R Premadasa Stadium,Colombo,Bangladesh,bat,Shakib Al Hasan,REJ Martinesz,RSA Palliyaguruge,WN de Silva,RR Wimalasiri,AJ Pycroft,Bangladesh,45,0
1085495,West Indies,Pakistan,male,2017,42826,Pakistan in West Indies T20I Series,3,"Queen's Park Oval, Port of Spain",Trinidad,Pakistan,bat,E Lewis,GO Brathwaite,LS Reifer,N Duguid,JS Wilson,JJ Crowe,West Indies,0,7
1085496,West Indies,Pakistan,male,2017,42827,Pakistan in West Indies T20I Series,4,"Queen's Park Oval, Port of Spain",Trinidad,Pakistan,field,Hasan Ali,GO Brathwaite,JS Wilson,N Duguid,LS Reifer,JJ Crowe,Pakistan,0,7
1089776,West Indies,Afghanistan,male,2017,42888,Afghanistan in West Indies T20I Series,1,"Warner Park, Basseterre",St Kitts,Afghanistan,bat,SP Narine,GO Brathwaite,N Duguid,LS Reifer,JS Wilson,JJ Crowe,West Indies,0,6
1089778,West Indies,Afghanistan,male,2017,42891,Afghanistan in West Indies T20I Series,3,"Warner Park, Basseterre",St Kitts,Afghanistan,bat,MN Samuels,LS Reifer,JS Wilson,GO Brathwaite,N Duguid,JJ Crowe,West Indies,0,7
1098211,West Indies,India,male,2017,42925,"Sabina Park, Kingston",Jamaica,"Sabina Park, Kingston",Jamaica,West Indies,field,E Lewis,PA Gustard,JS Wilson,DC Boon,West Indies,9,West Indies,0,9
1109610,Sri Lanka,India,male,2017,42984,India tour of Sri Lanka,"R.Premadasa Stadium, Khettarama","R.Premadasa Stadium, Khettarama",Colombo,India,field,V Kohli,REJ Martinesz,RSA Palliyaguruge,ID Gunawardene,RR Wimalasiri,AJ Pycroft,India,0,7
1115798,New Zealand,West Indies,male,2017/18,43098,West Indies tour of New Zealand,1,Saxton Oval,Nelson,West Indies,field,GD Phillips,CM Brown,WR Knights,AL Gillies,SB Haig,AJ Pycroft,New Zealand,47,0
1115800,New Zealand,West Indies,male,2017/18,43103,West Indies tour of New Zealand,3,Bay Oval,Mount Maunganui,New Zealand,bat,C Munro,SB Haig,WR Knights,A Mehrotra,CM Brown,AJ Pycroft,New Zealand,119,0
1115807,Pakistan,New Zealand,male,2017/18,43122,Pakistan tour of New Zealand,1,Westpac Stadium,Wellington,New Zealand,field,C Munro,CM Brown,WR Knights,AL Gillies,SB Haig,RB Richardson,New Zealand,0,7
1115808,Pakistan,New Zealand,male,2017/18,43125,Pakistan tour of New Zealand,2,Eden Park,Auckland,Pakistan,bat,Fakhar Zaman,CM Brown,SB Haig,A Mehrotra,WR Knights,RB Richardson,Pakistan,48,0
1115809,Pakistan,New Zealand,male,2017/18,43128,Pakistan tour of New Zealand,3,Bay Oval,Mount Maunganui,Pakistan,bat,Shadab Khan,SB Haig,WR Knights,AL Gillies,CM Brown,RB Richardson,Pakistan,18,0
1117821,Pakistan,ICC World XI,male,2017/18,42990,Independence Cup,1,Gaddafi Stadium,Lahore,ICC World XI,field,Babar Azam,Aleem Dar,Ahsan Raza,Ahmed Shahab,Shozab Raza,RB Richardson,Pakistan,20,0
1117822,Pakistan,ICC World XI,male,2017/18,42991,Independence Cup,2,Gaddafi Stadium,Lahore,Pakistan,bat,NLTC Perera,Ahmed Shahab,Shozab Raza,Asif Yaqoob,Ahsan Raza,RB Richardson,ICC World XI,0,7
1117824,Pakistan,ICC World XI,male,2017/18,42993,Independence Cup,3,Gaddafi Stadium,Lahore,ICC World XI,field,Ahmed Shehzad,Shozab Raza,Ahsan Raza,Khalid Mahmood,Ahmed Shahab,RB Richardson,Pakistan,33,0
1119502,India,Australia,male,2017/18,43018,Australia tour of India,2,Barsapara Cricket Stadium,Guwahati,Australia,field,JP Behrendorff,Nitin Menon,CK Nandan,AK Chaudhary,C Shamshuddin,RB Richardson,Australia,0,8
1119542,England,Australia,male,2018,43278,Australia tour of England,Edgbaston,Edgbaston,Birmingham,Australia,field,AU Rashid,MA Gough,AG Wharf,RT Robinson,RJ Bailey,RS Madugalle,England,28,0
1119543,England,India,male,2018,43284,India tour of Ireland and England,1,Old Trafford,Manchester,India,field,Kuldeep Yadav,AG Wharf,RJ Bailey,MA Gough,RT Robinson,DC Boon,India,0,8
1119545,England,India,male,2018,43289,India tour of Ireland and England,3,County Ground,Bristol,India,field,RG Sharma,RT Robinson,RJ Bailey,AG Wharf,MA Gough,DC Boon,India,0,7
1120093,India,New Zealand,male,2017/18,43040,New Zealand tour of India,1,Arun Jaitley Stadium,Delhi,New Zealand,field,S Dhawan,C Shamshuddin,Nitin Menon,CK Nandan,AK Chaudhary,BC Broad,India,53,0
1120094,New Zealand,India,male,2017/18,43043,New Zealand tour of India,2,Saurashtra Cricket Association Stadium,Rajkot,New Zealand,bat,C Munro,AK Chaudhary,CK Nandan,Nitin Menon,C Shamshuddin,BC Broad,New Zealand,40,0
1120095,India,New Zealand,male,2017/18,43046,New Zealand tour of India,3,Greenfield International Stadium,Thiruvananthapuram,New Zealand,field,JJ Bumrah,AK Chaudhary,Nitin Menon,C Shamshuddin,CK Nandan,BC Broad,India,6,0
1120291,Sri Lanka,Pakistan,male,2017/18,43034,Sri Lanka tour of United Arab Emirates and Pakistan,1,Sheikh Zayed Stadium,Abu Dhabi,Pakistan,field,Usman Shinwari,Shozab Raza,Ahsan Raza,Asif Yaqoob,Ahmed Shahab,AJ Pycroft,Pakistan,0,7
1120292,Sri Lanka,Pakistan,male,2017/18,43035,Sri Lanka tour of United Arab Emirates and Pakistan,2,Sheikh Zayed Stadium,Abu Dhabi,Pakistan,field,Shadab Khan,Ahmed Shahab,Shozab Raza,Asif Yaqoob,Ahsan Raza,AJ Pycroft,Pakistan,0,2
1120293,Pakistan,Sri Lanka,male,2017/18,43037,Sri Lanka tour of United Arab Emirates and Pakistan,3,Gaddafi Stadium,Lahore,Sri Lanka,field,Shoaib Malik,Ahmed Shahab,Ahsan Raza,Rashid Riaz,Shozab Raza,AJ Pycroft,Pakistan,36,0
1122285,India,South Africa,male,2017/18,43149,India tour of South Africa,1,The Wanderers Stadium,Johannesburg,South Africa,field,B Kumar,AT Holdstock,S George,A Paleker,BP Jele,AJ Pycroft,India,28,0
1122286,India,South Africa,male,2017/18,43152,India tour of South Africa,2,SuperSport Park,Centurion,South Africa,field,H Klaasen,A Paleker,BP Jele,S George,AT Holdstock,AJ Pycroft,South Africa,0,6
1122287,India,South Africa,male,2017/18,43155,India tour of South Africa,3,Newlands,Cape Town,South Africa,field,SK Raina,BP Jele,S George,A Paleker,AT Holdstock,AJ Pycroft,India,7,0
1122729,India,Sri Lanka,male,2017/18,43089,Sri Lanka tour of India,1,Barabati Stadium,Cuttack,Sri Lanka,field,YS Chahal,Nitin Menon,CK Nandan,AY Dandekar,AK Chaudhary,JJ Crowe,India,93,0
1122730,India,Sri Lanka,male,2017/18,43091,Sri Lanka tour of India,2,Holkar Cricket Stadium,Indore,Sri Lanka,field,RG Sharma,AK Chaudhary,CK Nandan,AY Dandekar,Nitin Menon,JJ Crowe,India,88,0
1122731,Sri Lanka,India,male,2017/18,43093,Sri Lanka tour of India,3,Wankhede Stadium,Mumbai,India,field,JD Unadkat,AK Chaudhary,Nitin Menon,AY Dandekar,CK Nandan,JJ Crowe,India,0,5
1130746,Bangladesh,Sri Lanka,male,2017/18,43146,Sri Lanka tour of Bangladesh,1,"Shere Bangla National Stadium, Mirpur",Dhaka,Bangladesh,bat,BKG Mendis,Sharfuddoula,Anisur Rahman,Mahfuzur Rahman,Masudur Rahman,DC Boon,Sri Lanka,0,6
1130747,Sri Lanka,Bangladesh,male,2017/18,43149,Sri Lanka tour of Bangladesh,2,Sylhet International Cricket Stadium,0,Bangladesh,field,BKG Mendis,Sharfuddoula,Masudur Rahman,Gazi Sohel,Anisur Rahman,DC Boon,Sri Lanka,75,0
1133817,India,Sri Lanka,male,2017/18,43165,Nidahas Trophy,1,"R.Premadasa Stadium, Khettarama",Colombo,Sri Lanka,field,MDKJ Perera,REJ Martinesz,RR Wimalasiri,ID Gunawardene,LE Hannibal,BC Broad,Sri Lanka,0,5
1133818,Bangladesh,India,male,2017/18,43167,Nidahas Trophy,2,"R.Premadasa Stadium, Khettarama",Colombo,India,field,V Shankar,REJ Martinesz,LE Hannibal,ID Gunawardene,RR Wimalasiri,BC Broad,India,0,6
1133819,Sri Lanka,Bangladesh,male,2017/18,43169,Nidahas Trophy,3,"R.Premadasa Stadium, Khettarama",Colombo,Bangladesh,field,Mushfiqur Rahim,REJ Martinesz,RR Wimalasiri,ID Gunawardene,LE Hannibal,BC Broad,Bangladesh,0,5
1133820,Sri Lanka,India,male,2017/18,43171,Nidahas Trophy,4,"R.Premadasa Stadium, Khettarama",Colombo,India,field,SN Thakur,REJ Martinesz,LE Hannibal,ID Gunawardene,RR Wimalasiri,BC Broad,India,0,6
1133821,India,Bangladesh,male,2017/18,43173,Nidahas Trophy,5,"R.Premadasa Stadium, Khettarama",Colombo,Bangladesh,field,RG Sharma,REJ Martinesz,RR Wimalasiri,LE Hannibal,RSA Palliyaguruge,BC Broad,India,17,0
1133822,Sri Lanka,Bangladesh,male,2017/18,43175,Nidahas Trophy,6,"R.Premadasa Stadium, Khettarama",Colombo,Bangladesh,field,Mahmudullah,RR Wimalasiri,RSA Palliyaguruge,LE Hannibal,REJ Martinesz,BC Broad,Bangladesh,0,2
1133823,Bangladesh,India,male,2017/18,43177,Nidahas Trophy,"R.Premadasa Stadium, Khettarama",Colombo,India,0,field,KD Karthik,RR Wimalasiri,RSA Palliyaguruge,LE Hannibal,REJ Martinesz,BC Broad,India,0,4
1134031,Zimbabwe,Afghanistan,male,2017/18,43136,Afghanistan tour of United Arab Emirates,1,Sharjah Cricket Stadium,0,Afghanistan,field,Mohammad Nabi,Bismillah Shinwari,Ahmed Shah Durrani,Izatullah Safi,Ahmed Shah Pakteen,RB Richardson,Afghanistan,0,5
1134032,Afghanistan,Zimbabwe,male,2017/18,43137,Afghanistan tour of United Arab Emirates,2,Sharjah Cricket Stadium,0,Zimbabwe,field,Mohammad Nabi,Ahmed Shah Durrani,Izatullah Safi,Bismillah Shinwari,Ahmed Shah Pakteen,RB Richardson,Afghanistan,17,0
1140069,Pakistan,West Indies,male,2018,43191,West Indies tour of Pakistan,1,National Stadium,Karachi,West Indies,field,Hussain Talat,Shozab Raza,Ahsan Raza,Rashid Riaz,Ahmed Shahab,DC Boon,Pakistan,143,0
1140070,Pakistan,West Indies,male,2018,43192,West Indies tour of Pakistan,2,National Stadium,Karachi,Pakistan,bat,Babar Azam,Ahmed Shahab,Shozab Raza,Khalid Mahmood,Ahsan Raza,DC Boon,Pakistan,82,0
1140071,West Indies,Pakistan,male,2018,43193,West Indies tour of Pakistan,3,National Stadium,Karachi,West Indies,bat,Fakhar Zaman,Aleem Dar,Ahsan Raza,Asif Yaqoob,Shozab Raza,DC Boon,Pakistan,0,8
1140384,England,Sri Lanka,male,2018/19,43400,England tour of Sri Lanka,0,"R.Premadasa Stadium, Khettarama",Colombo,Sri Lanka,field,JL Denly,REJ Martinesz,RR Wimalasiri,LE Hannibal,RSA Palliyaguruge,RB Richardson,England,30,0
1140992,India,Ireland,male,2018,43278,India tour of Ireland and England,1,"The Village, Malahide",Dublin,Ireland,field,Kuldeep Yadav,M Hawthorne,R Black,PA Reynolds,AJ Neill,BC Broad,India,76,0
1140993,India,Ireland,male,2018,43280,India tour of Ireland and England,2,"The Village, Malahide",Dublin,Ireland,field,KL Rahul,R Black,AJ Neill,PA Reynolds,M Hawthorne,BC Broad,India,143,0
1141232,West Indies,ICC World XI,male,2018,43251,ICC World XI tour of England,0,Lord's,London,ICC World XI,field,E Lewis,AG Wharf,RJ Bailey,PK Baldwin,0,BC Broad,West Indies,72,0
1142589,South Africa,Sri Lanka,male,2018,43326,South Africa tour of Sri Lanka,0,"R.Premadasa Stadium, Khettarama",Colombo,South Africa,bat,DM de Silva,REJ Martinesz,RSA Palliyaguruge,RR Wimalasiri,LE Hannibal,J Srinath,Sri Lanka,0,3
1142913,Pakistan,Zimbabwe,male,2018,43282,Zimbabwe Twenty20 Tri-Series,1,Harare Sports Club,0,Zimbabwe,field,Asif Ali,RB Tiffin,TJ Matibiri,I Chabi,L Rusere,JJ Crowe,Pakistan,74,0
1142914,Pakistan,Australia,male,2018,43283,Zimbabwe Twenty20 Tri-Series,2,Harare Sports Club,0,Australia,field,B Stanlake,RB Tiffin,TJ Matibiri,L Rusere,I Chabi,JJ Crowe,Australia,0,9
1142915,Australia,Zimbabwe,male,2018,43284,Zimbabwe Twenty20 Tri-Series,3,Harare Sports Club,0,Zimbabwe,field,AJ Finch,TJ Matibiri,L Rusere,I Chabi,RB Tiffin,JJ Crowe,Australia,100,0
1142916,Zimbabwe,Pakistan,male,2018,43285,Zimbabwe Twenty20 Tri-Series,4,Harare Sports Club,0,Pakistan,field,SF Mire,I Chabi,L Rusere,TJ Matibiri,RB Tiffin,JJ Crowe,Pakistan,0,7
1142917,Pakistan,Australia,male,2018,43286,Zimbabwe Twenty20 Tri-Series,5,Harare Sports Club,0,Australia,field,Fakhar Zaman,RB Tiffin,L Rusere,I Chabi,TJ Matibiri,JJ Crowe,Pakistan,45,0
1142918,Zimbabwe,Australia,male,2018,43287,Zimbabwe Twenty20 Tri-Series,6,Harare Sports Club,0,Zimbabwe,bat,AJ Tye,RB Tiffin,TJ Matibiri,I Chabi,L Rusere,JJ Crowe,Australia,0,5
1142919,Australia,Pakistan,male,2018,43289,Zimbabwe Twenty20 Tri-Series,0,Harare Sports Club,0,Australia,bat,Fakhar Zaman,RB Tiffin,L Rusere,I Chabi,TJ Matibiri,JJ Crowe,Pakistan,0,6
1144149,South Africa,Zimbabwe,male,2018/19,43382,Zimbabwe tour of South Africa,1,Buffalo Park,East London,South Africa,bat,Imran Tahir,AT Holdstock,S George,A Paleker,BP Jele,JJ Crowe,South Africa,34,0
1144150,Zimbabwe,South Africa,male,2018/19,43385,Zimbabwe tour of South Africa,2,Senwes Park,Potchefstroom,Zimbabwe,bat,D Paterson,A Paleker,S George,BP Jele,AT Holdstock,JJ Crowe,South Africa,0,6
1144161,South Africa,Pakistan,male,2018/19,43497,Pakistan tour of South Africa,1,Newlands,Cape Town,Pakistan,field,DA Miller,BP Jele,AT Holdstock,BM White,A Paleker,RS Madugalle,South Africa,6,0
1144162,South Africa,Pakistan,male,2018/19,43499,Pakistan tour of South Africa,2,The Wanderers Stadium,Johannesburg,Pakistan,field,DA Miller,A Paleker,AT Holdstock,BM White,BP Jele,RS Madugalle,South Africa,7,0
1144163,South Africa,Pakistan,male,2018/19,43502,Pakistan tour of South Africa,3,SuperSport Park,Centurion,South Africa,field,Shadab Khan,BP Jele,AT Holdstock,Stephen Harris,A Paleker,RS Madugalle,Pakistan,27,0
1144172,South Africa,Sri Lanka,male,2018/19,43543,Sri Lanka tour of South Africa,1,Newlands,Cape Town,South Africa,field,DA Miller,BP Jele,AT Holdstock,A Paleker,S George,AJ Pycroft,South Africa,0,0
1144173,South Africa,Sri Lanka,male,2018/19,43546,Sri Lanka tour of South Africa,2,SuperSport Park,Centurion,Sri Lanka,field,HE van der Dussen,BP Jele,S George,AT Holdstock,A Paleker,AJ Pycroft,South Africa,16,0
1144989,South Africa,Australia,male,2018/19,43421,South Africa tour of Australia,0,Carrara Oval,0,Australia,field,T Shamsi,P Wilson,GA Abood,SAJ Craig,SD Fry,JJ Crowe,South Africa,21,0
1144992,Australia,India,male,2018/19,43429,India tour of Australia,3,Sydney Cricket Ground,0,Australia,bat,KH Pandya,P Wilson,GA Abood,PJ Gillespie,SD Fry,JJ Crowe,India,0,6
1145982,Afghanistan,Bangladesh,male,2018,43254,Afghanistan tour of India,1,"Rajiv Gandhi International Cricket Stadium, Dehradun",Dehra Dun,Bangladesh,field,Rashid Khan,Ahmed Shah Pakteen,Bismillah Shinwari,Mahmood Kharoti,Izatullah Safi,AJ Pycroft,Afghanistan,45,0
1145983,Bangladesh,Afghanistan,male,2018,43256,Afghanistan tour of India,2,Rajiv Gandhi International Cricket Stadium,Dehradun,Bangladesh,bat,Rashid Khan,Bismillah Shinwari,Izatullah Safi,Mehmood Kharotai,Ahmed Shah Pakteen,AJ Pycroft,Afghanistan,0,6
1145984,Afghanistan,Bangladesh,male,2018,43258,Afghanistan tour of India,3,Rajiv Gandhi International Cricket Stadium,Dehradun,Afghanistan,bat,Mushfiqur Rahim,Ahmed Shah Pakteen,Izatullah Safi,Mehmood Kharotai,Bismillah Shinwari,AJ Pycroft,Afghanistan,1,0
1146724,Bangladesh,West Indies,male,2018,43316,Bangladesh tour of West Indies and United States of America,2,Central Broward Regional Park Stadium Turf Ground,Lauderhill,West Indies,field,Tamim Iqbal,LS Reifer,JS Wilson,N Duguid,GO Brathwaite,BC Broad,Bangladesh,12,0
1150143,Afghanistan,Ireland,male,2018,43332,Afghanistan tour of Ireland,1,"Bready Cricket Club, Magheramason",Bready,Ireland,field,R Black,AJ Neill,PA Reynolds,M Hawthorne,RS Madugalle,0,Afghanistan,16,0
1150144,Afghanistan,Ireland,male,2018,43334,Afghanistan tour of Ireland,2,"Bready Cricket Club, Magheramason",Bready,Afghanistan,bat,M Hawthorne,PA Reynolds,AJ Neill,R Black,RS Madugalle,0,Afghanistan,81,0
1152840,England,Pakistan,male,2019,43590,Pakistan tour of England,0,Sophia Gardens,Cardiff,Pakistan,bat,EJG Morgan,MA Gough,AG Wharf,RJ Bailey,RT Robinson,RB Richardson,England,0,7
1153317,Bangladesh,West Indies,male,2018/19,43451,West Indies tour of Bangladesh,1,Sylhet International Cricket Stadium,Sylhet,Bangladesh,bat,SS Cottrell,Sharfuddoula,Tanvir Ahmed,Gazi Sohel,Masudur Rahman,JJ Crowe,West Indies,0,8
1153318,Bangladesh,West Indies,male,2018/19,43454,West Indies tour of Bangladesh,2,"Shere Bangla National Stadium, Mirpur",Dhaka,West Indies,field,Shakib Al Hasan,Tanvir Ahmed,Gazi Sohel,Masudur Rahman,Sharfuddoula,JJ Crowe,Bangladesh,36,0
1153319,Bangladesh,West Indies,male,2018/19,43456,West Indies tour of Bangladesh,3,"Shere Bangla National Stadium, Mirpur",Dhaka,Bangladesh,field,E Lewis,Tanvir Ahmed,Masudur Rahman,Sharfuddoula,Gazi Sohel,JJ Crowe,West Indies,50,0
1153696,New Zealand,India,male,2018/19,43502,India tour of New Zealand,1,Westpac Stadium,Wellington,India,field,TL Seifert,CM Brown,SB Haig,A Mehrotra,WR Knights,DC Boon,New Zealand,80,0
1153697,New Zealand,India,male,2018/19,43504,India tour of New Zealand,2,Eden Park,Auckland,New Zealand,bat,KH Pandya,CM Brown,WR Knights,AL Gillies,SB Haig,DC Boon,India,0,7
1153698,New Zealand,India,male,2018/19,43506,India tour of New Zealand,3,Seddon Park,Hamilton,India,field,C Munro,SB Haig,WR Knights,AL Gillies,CM Brown,DC Boon,New Zealand,0,4
1153843,New Zealand,Sri Lanka,male,2018/19,43476,Sri Lanka tour of New Zealand,0,Eden Park,Auckland,Sri Lanka,field,DAJ Bracewell,SB Haig,WR Knights,A Mehrotra,CM Brown,RB Richardson,New Zealand,35,0
1157372,Pakistan,Australia,male,2018/19,43397,Australia tour of United Arab Emirates,1,Sheikh Zayed Stadium,Abu Dhabi,Australia,field,Imad Wasim,Shozab Raza,Ahsan Raza,Rashid Riaz,Asif Yaqoob,RS Madugalle,Pakistan,66,0
1157373,Pakistan,Australia,male,2018/19,43399,Australia tour of United Arab Emirates,2,Dubai International Cricket Stadium,0,Pakistan,bat,Imad Wasim,Asif Yaqoob,Ahsan Raza,Rashid Riaz,Shozab Raza,RS Madugalle,Pakistan,11,0
1157374,Pakistan,Australia,male,2018/19,43401,Australia tour of United Arab Emirates,3,Dubai International Cricket Stadium,0,Pakistan,bat,Shadab Khan,Shozab Raza,Rashid Riaz,Asif Yaqoob,Ahsan Raza,RS Madugalle,Pakistan,33,0
1157375,Pakistan,New Zealand,male,2018/19,43404,New Zealand tour of United Arab Emirates,1,Sheikh Zayed Stadium,Abu Dhabi,Pakistan,bat,Mohammad Hafeez,0,Asif Yaqoob,Shozab Raza,Rashid Riaz,J Srinath,Pakistan,2,0
1157376,New Zealand,Pakistan,male,2018/19,43406,New Zealand tour of United Arab Emirates,2,Dubai International Cricket Stadium,0,New Zealand,bat,Shaheen Shah Afridi,0,Shozab Raza,Rashid Riaz,Asif Yaqoob,J Srinath,Pakistan,0,6
1157377,Pakistan,New Zealand,male,2018/19,43408,New Zealand tour of United Arab Emirates,3,Dubai International Cricket Stadium,0,Pakistan,bat,Babar Azam,Asif Yaqoob,Asif Yaqoob,Rashid Riaz,Shozab Raza,J Srinath,Pakistan,47,0
1157759,West Indies,India,male,2018/19,43408,West Indies tour of India,1,Eden Gardens,Kolkata,India,field,Kuldeep Yadav,C Shamshuddin,CK Nandan,AY Dandekar,AK Chaudhary,BC Broad,India,0,5
1157760,India,West Indies,male,2018/19,43410,West Indies tour of India,2,Bharat Ratna Shri Atal Bihari Vajpayee Ekana Cricket Stadium,Lucknow,West Indies,field,RG Sharma,AK Chaudhary,CK Nandan,AY Dandekar,C Shamshuddin,BC Broad,India,71,0
1157761,West Indies,India,male,2018/19,43415,West Indies tour of India,3,"MA Chidambaram Stadium, Chepauk",Chennai,West Indies,bat,S Dhawan,C Shamshuddin,AK Chaudhary,AY Dandekar,CK Nandan,BC Broad,India,0,6
1158071,West Indies,England,male,2018/19,43529,England tour of West Indies,1,"Darren Sammy National Cricket Stadium, St Lucia",Gros Islet,England,field,JM Bairstow,N Duguid,GO Brathwaite,Zahid Bassarath,LS Reifer,AJ Pycroft,England,0,4
1158072,West Indies,England,male,2018/19,43532,England tour of West Indies,2,"Warner Park, St Kitts",Basseterre,West Indies,field,SW Billings,LS Reifer,GO Brathwaite,Jonathan Blades,N Duguid,AJ Pycroft,England,137,0
1158073,West Indies,England,male,2018/19,43534,England tour of West Indies,3,"Warner Park, St Kitts",Basseterre,West Indies,bat,DJ Willey,N Duguid,LS Reifer,Jonathan Blades,GO Brathwaite,AJ Pycroft,England,0,8
1168112,Afghanistan,Ireland,male,2018/19,43517,Ireland tour of India,1,"Rajiv Gandhi International Cricket Stadium, Dehradun",Dehra Dun,Ireland,bat,Mohammad Nabi,Ahmed Shah Pakteen,Izatullah Safi,Ahmed Shah Durrani,Bismillah Shinwari,J Srinath,Afghanistan,0,5
1168113,Afghanistan,Ireland,male,2018/19,43519,Ireland tour of India,2,"Rajiv Gandhi International Cricket Stadium, Dehradun",Dehra Dun,Afghanistan,bat,Hazratullah,Bismillah Shinwari,Ahmed Shah Durrani,Izatullah Safi,Ahmed Shah Pakteen,J Srinath,Afghanistan,84,0
1168114,Afghanistan,Ireland,male,2018/19,43520,Ireland tour of India,3,"Rajiv Gandhi International Cricket Stadium, Dehradun",Dehra Dun,Ireland,field,Mohammad Nabi,Ahmed Shah Durrani,Izatullah Safi,Bismillah Shinwari,Ahmed Shah Pakteen,J Srinath,Afghanistan,32,0
1168247,India,Australia,male,2018/19,43520,Australia tour of India,1,Dr. Y.S. Rajasekhara Reddy ACA-VDCA Cricket Stadium,Visakhapatnam,Australia,field,NM Coulter-Nile,C Shamshuddin,Nitin Menon,CK Nandan,AK Chaudhary,RS Madugalle,Australia,0,3
1168248,India,Australia,male,2018/19,43523,Australia tour of India,2,M.Chinnaswamy Stadium,Bengaluru,Australia,field,GJ Maxwell,AK Chaudhary,CK Nandan,C Shamshuddin,Nitin Menon,RS Madugalle,Australia,0,7
1168522,Ireland,Zimbabwe,male,2019,43660,Ireland v Zimbabwe,3,Bready,Derry,Zimbabwe,field,R Black,AJ Neill,M Hawthorne,JJ Crowe,0,0,Zimbabwe,0,8
1119544,India,England,male,2018,43287,India tour of Ireland and England,2,Sophia Gardens,Cardiff,England,field,AD Hales,RT Robinson,MA Gough,RJ Bailey,AG Wharf,DC Boon,England,0,5
